Circuit, Original Gate Count, Locked Gate Count, %Overhead
c3540,895,1023,12.512218963831867
c880,267,395,32.40506329113924
c7552,1237,1365,9.377289377289378
c17,6,134,95.5223880597015
